be,なれ
and,と
of,の
to,に
a,a
in,の
have,持ってる
it,それ
you,あなた
he,彼
for,為に
they,彼ら
not,いいえ
that,それ
we,私たち
on,の上
with,と
this,これ
i,私
do,行う
as,なので
at,で
she,彼女
but,しかし
from,から
by,に
will,意思
or,また
say,いう
go,行く
so,それで
all,全て
if,もしも
one,1
would,します
about,約
can,できる
which,どれの
there,そこの
know,知る
more,もっと
get,得る
who,誰
like,お気に入り
when,いつ
think,考える
make,作る
time,時間
see,見る
what,何
up,上
some,いくつか
other,他の
out,アウト
good,良い
people,人
year,年
take,取った
no,番号
well,良い
because,なぜなら
very,とても
just,ただ
come,来て
could,できる
work,仕事
use,使用する
than,よりも
now,今
then,それから
also,また
into,の中へ
only,それだけ
look,見る
want,欲しいです
give,与える
first,最初
new,新着
way,仕方
find,探す
over,以上
any,どれか
after,後
day,日
where,どこ
thing,もの
most,多くの
should,したほうがいい
need,必要
much,多くの
right,右
how,どうやって
back,戻る
mean,平均
even,平
may,五月
here,ここ
many,たくさんの
such,そのような
last,過去
child,子
tell,教えて
really,本当
call,電話
before,前
company,会社
through,終えた
down,下
show,見せる
life,生活
man,男
change,変化する
place,場所
long,長いです
between,の間に
feel,感じられる
too,それも
still,まだ
problem,問題
write,書きます
same,同じ
lot,多く
great,すごい
try,試す
leave,離れる
number,番号
both,両方
own,自分の
part,部
point,点
little,少し
help,ヘルプ
ask,聞く
meet,会う
start,始める
talk,話
something,なにか
put,置く
another,別
become,なる
interest,興味
country,国
old,年
each,各
school,学校
late,遅い
high,高い
different,違う
off,オフ
next,次
end,終わり
live,住む
why,どうして
while,その間
world,世界
week,週
play,遊ぶ
might,そうかもしれない
must,しなければならない
home,家
never,一度もない
include,含む
course,コース
house,家
report,報告
group,グループ
case,場合
woman,女性
around,その周り
book,本
family,家族
seem,思われる
let,させて
again,また
kind,親切
keep,保つ
hear,聞く
system,システム
every,毎日
question,質問
during,その間
always,いつも
big,大きい
set,設定
small,小さな
study,勉強
follow,従う
begin,始める
important,重要
since,以来
run,走る
under,下
turn,順番
few,少し
bring,持っていく
early,早い
hand,手
state,州
move,動く
money,お金
fact,事実
however,でも
area,範囲
provide,提供
name,名前
read,読んだ
friend,友達
month,月
large,大きい
business,仕事
without,それなし
information,情報
open,開いた
order,注文
government,政府
word,語
issue,問題
market,市場
pay,支払い
build,建てる
hold,所有
service,サービス
against,に対して
believe,信じる
second,2番目
though,けれど
yes,はい
love,愛
increase,増加
job,仕事
plan,予定
result,結果
away,あちらへ
example,例
happen,起こる
offer,オファー
young,若い
close,近い
program,プログラム
lead,リード
buy,買う
understand,理解する
thank,感謝
far,遠い
today,今日
hour,時間
student,学生
face,顔
hope,望み
idea,考え
cost,料金
less,以下
room,部屋
until,それまで
reason,理由
form,形
spend,費やす
head,頭
car,車
learn,学び
level,レベル
person,人
experience,経験
once,一度
member,メンバー
enough,足りる
bad,悪い
city,街
night,夜
able,できる
support,サポート
whether,どうにか
line,ライン
present,現在
side,側
quite,とても
although,でも
sure,承知しました
term,学期
least,少しでも
age,年
low,低い
speak,話す
within,内部
process,処理する
public,公衆
often,頻繁
train,訓練
possible,可能
actually,実際に
rather,それよりも
view,見る
together,一緒
consider,検討
price,価格
parent,親
hard,難しい
party,パーティ
local,ローカル
control,コントロール
already,すでに
concern,懸念
product,製品
lose,失う
story,話
almost,ほとんど
continue,継続する
stand,台
whole,全体
yet,まだ
rate,レート
care,お手入れ
expect,予想
effect,効果
sort,選別
ever,これまで
anything,なんでも
cause,原因
fall,秋
deal,対処
water,水
send,送信
allow,許可する
soon,すぐ
watch,見る
base,ベース
probably,おそらく
suggest,提案
past,過去
power,パワー
test,テスト
visit,訪問
center,中心
grow,育つ
nothing,なし
return,戻る
mother,母親
walk,歩く
matter,案件
mind,マインド
value,価値
office,オフィス
record,記録
stay,止まる
force,力
stop,止まる
several,いくつかの
light,ライト
develop,発展させる
remember,覚えて
bit,少し
share,シェア
real,本物
answer,答え
sit,座る
figure,形
letter,手紙
decide,決めます
language,言語
subject,主題
class,クラス
development,発達
town,街
half,半分
minute,分
food,食物
break,壊す
clear,クリア
future,将来
either,また
ago,前に
per,あたり
remain,残る
top,上
among,の中
win,勝つ
color,色
involve,関与
reach,到着
social,社交
period,限目
across,横切って
note,ノート
history,歴史
create,作成
drive,ドライブ
along,平行
type,タイプ
sound,音
eye,目
music,音楽
game,ゲーム
political,政治的
free,自由
receive,受け取る
moment,一瞬
sale,セール
policy,ポリシー
further,さらに遠く
body,体
require,必要とする
wait,待つ
general,全般的
appear,現れる
toward,向かって
team,チーム
easy,簡単
individual,個人
full,満杯
black,黒
sense,検出
perhaps,多分
add,追加
rule,ルール
pass,合格
produce,生産
sell,売る
short,短い
agree,同意
law,法
everything,すべての
research,リサーチ
cover,カバー
paper,紙
position,位置
near,近く
human,人間
computer,コンピューター
situation,状況
staff,スタッフ
activity,アクティビティ
film,映画
morning,朝
war,戦争
account,アカウント
shop,店
major,選考科目
someone,誰か
above,その上
design,デザイン
event,イベント
special,特別な
sometimes,時折
condition,調子
carry,運ぶ
choose,選ぶ
father,お父さん
decision,決断
table,テーブル
certain,特定
forward,前方
main,主要
die,死ぬ
bear,くま
cut,切る
describe,説明
himself,彼自身
available,利用可能
especially,特に
strong,強い
rise,上昇
girl,女の子
maybe,多分
community,コミュニティ
else,そうしないと
particular,特に
role,役割
join,加入
difficult,難しい
please,お願いします
detail,詳細
difference,違い
action,アクション
health,健康
eat,食べる
step,ステップ
TRUE,真実
phone,電話
themselves,彼ら自身
draw,描く
white,白い
date,日にち
practice,練習
model,モデル
raise,高める
customer,お客様
front,フロント
explain,説明
door,ドア
outside,外側
behind,後ろに
economic,経済
site,サイト
approach,アプローチ
teacher,先生
land,土地
charge,充電
finally,最後に
sign,サイン
claim,請求
relationship,関係
travel,トラベル
enjoy,楽しい
death,死
nice,良い
amount,額
improve,向上
picture,写真
boy,男の子
regard,由来
organization,組織
happy,ハッピー
couple,カップル
act,行為
range,範囲
quality,品質
project,事業
round,円形
opportunity,機会
road,道
accord,アコード
list,リスト
wish,願い
therefore,したがって
wear,切る
fund,基金
rest,休み
kid,子供
industry,業界
education,教育
measure,測定
kill,殺す
serve,仕える
likely,おそらく
certainly,もちろんです
national,全国
itself,自体
teach,教える
field,分野
security,安全
air,空気
benefit,利点
trade,トレード
risk,危険
news,ニュース
standard,標準
vote,投票
percent,パーセント
focus,集中
stage,ステージ
space,スペース
instead,代わりは
realize,気付く
usually,いつもの
data,データ
single,独身
address,住所
performance,パフォーマンス
chance,機会
accept,受け入れる
society,社会
technology,テクノロジー
mention,言及
choice,選択
save,保存
common,一般
culture,文化
total,合計
demand,要求する
material,素材
limit,制限
listen,聞く
due,期限
wrong,違う
foot,足
effort,努力
attention,注意
upon,その上
check,小切手
complete,完了
lie,嘘
pick,選ぶ
reduce,減らす
personal,個人的
ground,接地
animal,動物
arrive,到着
patient,忍耐強い
current,現在
century,世紀
evidence,証拠
exist,存在
similar,似ている
fight,喧嘩
leader,盟主
fine,大丈夫
street,街
former,前の
contact,コンタクト
particularly,特に
wife,妻
sport,スポーツ
prepare,準備
discuss,話し合います
response,応答
voice,声
piece,ピース
finish,終了
suppose,仮定する
apply,申し込み
president,大統領
fire,火
compare,比較
court,裁判所
police,警察
store,お店
poor,貧しい
knowledge,知識
laugh,笑う
arm,腕
heart,心臓
source,ソース
employee,従業員
manage,管理
simply,単に
bank,銀行
firm,固い
cell,細胞
article,論文
fast,速い
attack,攻撃
foreign,外国
surprise,サプライズ
feature,特徴
factor,要素
pretty,かわいい
recently,近々
affect,影響
drop,落とす
recent,最近
relate,関連
official,正式
financial,金融
miss,お嬢
art,美術
campaign,運動
private,プライベート
pause,一時停止
everyone,みんな
forget,忘れる
page,ページ
worry,心配
summer,夏
drink,飲む
opinion,意見
park,公園
represent,代表する
key,鍵
inside,中身
manager,マネジャー
international,インターナショナル
contain,含む
notice,知らせ
wonder,不思議
nature,自然
structure,構造
section,セクション
myself,自分
exactly,まさに
plant,工場
paint,ペイント
worker,ワーカー
press,押す
whatever,なんでもいい
necessary,必要
region,領域
growth,成長
evening,夜
influence,影響
respect,尊敬する
various,様々
catch,キャッチ
thus,したがって
skill,スキル
attempt,試み
son,息子
simple,単純
medium,中くらい
average,平均
stock,株式
management,管理
character,キャラクター
bed,ベッド
hit,打つ
establish,確立します
indeed,確かに
final,最後の
economy,経済
fit,フィット
guy,男
function,関数
yesterday,昨日
image,画像
size,サイズ
behavior,行動
addition,添加
determine,決定
station,駅
population,人口
fail,不合格
environment,環境
production,製造
contract,契約する
player,プレーヤー
comment,コメント
enter,入力
occur,発生する
alone,1人
significant,重要
drug,薬
wall,壁
series,シリーズ
direct,直接
success,成功
tomorrow,明日
director,監督
clearly,明らかに
lack,足らない
review,レビュー
depend,それによる
race,人種
recognize,認識
window,窓
purpose,目的
department,デパートメント
gain,利得
tree,木
college,カレッジ
argue,口論
board,ボード
holiday,ホリデー
mark,マーク
church,教会
machine,機械
achieve,成し遂げる
item,アイテム
prove,証明
cent,セント
season,シーズン
floor,床
stuff,もの
wide,幅
anyone,誰でも
method,方法
analysis,分析
election,選挙
military,軍隊
hotel,ホテル
club,クラブ
below,下
movie,映画
doctor,医者
discussion,討論
sorry,ごめん
challenge,チャレンジ
nation,国家
nearly,ほぼ
statement,声明
link,リンク
despite,にもかかわらず
introduce,導入
advantage,アドバンテージ
ready,準備
marry,結婚
strike,攻撃
mile,マイル
seek,求める
ability,能力
unit,単位
card,カード
hospital,病院
quickly,早く
interview,インタビュー
agreement,合意
release,リリース
tax,税
solution,解決
capital,資本
popular,人気
specific,明確な
beautiful,美しい
fear,恐れ
aim,標的
television,テレビ
serious,深刻
target,目標
degree,程度
pull,引く
red,赤
husband,夫
access,アクセス
movement,動き
treat,扱う
identify,識別
loss,損失
shall,しなければならない
modern,モダン
pressure,プレッシャー
bus,バス
treatment,処理
yourself,あなた自身
supply,供給
village,村
worth,価値
natural,ナチュラル
express,特急
indicate,示す
attend,出席
brother,兄弟
investment,投資
score,スコア
organize,整理
trip,旅行
beyond,超えて
sleep,寝る
fish,魚
promise,約束
potential,潜在的な
energy,エネルギー
trouble,問題
relation,関係
touch,接する
file,ファイル
middle,真ん中
bar,バー
suffer,苦しむ
strategy,ストラテジー
deep,深い
except,を除外する
clean,掃除
tend,傾向
advance,前進
fill,塗りつぶし
star,星
network,通信網
generally,一般的
operation,手術
match,マッチ
avoid,避ける
seat,シート
throw,投げる
task,仕事
normal,正常
goal,ゴール
associate,仲間、同僚
blue,青い
positive,ポジティブ
option,オプション
box,箱
huge,巨大
message,メッセージ
instance,実例
style,スタイル
refer,参照
cold,寒い
push,押す
quarter,クォーター
assume,推定
baby,赤ちゃん
successful,成功
sing,歌う
doubt,疑問に思う
competition,競争
theory,仮説
propose,提案します
reference,参照
argument,口論
adult,大人
fly,飛ぶ
document,資料
pattern,パターン
application,応用
hot,ホット
obviously,明らかに
unclear,不明
bill,明細書
search,探す
separate,分ける
central,中央
career,キャリア
anyway,とりあえず
speech,スピーチ
dog,犬
officer,役員
throughout,全体を通して
oil,油
dress,ドレス
profit,利益
guess,推測してみて
fun,楽しい
protect,守る
resource,資源
science,理科
disease,疾患
balance,残高
damage,ダメージ
basis,基本
author,著者
basic,基本
encourage,奨励します
hair,髪
male,男
operate,動作します
reflect,反射
exercise,エクササイズ
useful,使える
restaurant,レストラン
income,所得
property,財産
previous,前
dark,暗い
imagine,想像
okay,わかった
earn,得る
daughter,娘
post,役職
newspaper,新聞
define,定義
conclusion,結論
clock,時計
everybody,みんな
weekend,週末
perform,実行
professional,プロフェッショナル
mine,私の
debate,議論
memory,メモリー
green,緑
song,歌
object,物体
maintain,維持
credit,クレジット
ring,指輪
discover,発見する
dead,死
afternoon,午後
prefer,好む
extend,拡張する
possibility,可能性
direction,方向
facility,施設
variety,バラエティ
daily,毎日
clothes,服
screen,画面
track,追跡
dance,ダンス
completely,完全に
female,女性
responsibility,責任
original,オリジナル
sister,妹
rock,石
dream,夢
nor,または
university,大学
easily,簡単に
agency,エージェンシー
dollar,ドル
garden,公園
fix,修理
ahead,先に
cross,クロス
yeah,うん
weight,重さ
legal,法的
proposal,提案
version,バージョン
conversation,会話
somebody,誰か
pound,ポンド
magazine,雑誌
shape,形
sea,海
immediately,すぐに
welcome,ようこそ
smile,笑顔
communication,コミュニケーション
agent,エージェント
traditional,伝統的
replace,交換
judge,ジャッジ
herself,彼女自身
suddenly,突然
generation,世代
estimate,見積もり
favorite,お気に入り
difficulty,困難
purchase,購入
mister,ミスター
conference,会議
vacation,休暇
client,クライアント
e-book,電子書籍
airport,空港
memo,メモ
reservation,予約
logical,論理
fax,ファックス
o'clock,o'clock
sincerely,心から
sometime,いつか
website,Webサイト
supervisor,監督者
candidate,候補者
refund,返金
goods,品
workshop,ワークショップ
downtown,ダウンタウン
deadline,締め切り
invoice,請求書
brochure,パンフレット
noon,昼
accountant,会計士
clerk,店員
lobby,ロビー
publish,公開
résumé,履歴書
enclose,囲まれます
applicant,申請者
seminar,セミナー
technician,技術者
cloth,布
fare,運賃
receipt,レシート
traveler,旅行者
caller,発信者
subway,地下鉄
luggage,荷物
shipment,出荷
infer,推測します
waiter,ウェイター
rental,レンタル
warranty,保証
cafeteria,カフェテリア
chef,シェフ
elevator,エレベーター
reception,受信
correctly,正しく
lease,リース
bicycle,自転車
notify,通知します
preview,プレビュー
attendant,アテンダント
subscription,サブスクリプション
convenient,便利
manual,マニュアル
clue,ヒント
garage,ガレージ
obtain,入手します
oval,楕円形
inventory,在庫
outdoor,屋外
suitcase,スーツケース
destination,行き先
occupation,職業
postpone,延期
contradict,矛盾
umbrella,傘
inference,推論
cellphone,携帯電話
compact,コンパクト
merchandise,商品
receptionist,受付
dentist,歯医者
identification,身元
coupon,クーポン
depart,出発
reschedule,再スケジュール
tactic,戦術
renovation,改修
upgrade,アップグレード
precede,先行
replacement,置換
dine,食事
passport,パスポート
coworker,同僚
upcoming,今後
cabinet,戸棚
appliance,アプライアンス
explanatory,説明
instructor,インストラクター
keyboard,キーボード
media,メディア
supermarket,スーパーマーケット
valid,有効
admission,入場料
laptop,ラップトップ
underline,下線
electrical,電気
airplane,飛行機
assignment,割り当て
exit,出口
attendee,参加者
cruise,クルーズ
birthday,誕生日
café,カフェ
comprehension,理解
mall,モール
medication,投薬
recycle,リサイクル
renew,更新します
tenant,テナント
sandwich,サンドイッチ
departure,出発
mini,ミニ
fitness,フィットネス
inconvenience,不便
banquet,バンケット
closet,クローゼット
unreal,非現実的
distractor,ディストラクタ
expire,期限切れ
folder,フォルダ
photocopy,コピー
renovate,改修
sunny,晴れ
calendar,カレンダー
donation,寄付
feedback,フィードバック
shortly,まもなく
snack,スナック
warehouse,倉庫
copier,コピー機
provider,プロバイダー
beverage,飲み物
hungry,お腹がすいた
inspection,検査
recipient,受信者
aisle,通路
inspect,検査します
mechanic,メカニック
merger,合併
soccer,サッカー
sweater,セーター
ingredient,成分
rewrite,リライト
itinerary,旅程
workplace,職場
architect,建築家
convenience,快適
eligible,対象
indoor,屋内
baggage,荷物
click,クリック
dial,ダイヤル
container,容器
drawer,引き出し
lab,ラボ
submission,提出
bulletin,速報
certificate,証明書
gym,ジム
highway,高速道路
respondent,被告
jewelry,ジュエリー
overtime,時間とともに
battery,バッテリー
donate,寄付
outstanding,並外れた
skim,スキム
briefcase,ブリーフケース
dessert,デザート
impact,影響
innovative,革新的
inquire,お問い合わせください
overnight,一晩
venue,会場
commuter,通勤者
logo,ロゴ
newsletter,ニュースレター
advisor,アドバイザー
cartridge,カートリッジ
cloudy,曇り
photographer,写真家
shopper,買い物客
tag,鬼ごっこ
announcer,アナウンサー
aspect,側面
audit,監査
contractor,請負業者
download,ダウンロード
password,パスワード
prohibit,禁止
stadium,スタジアム
terminal,ターミナル
weekday,平日
bonus,ボーナス
cart,カート
delicious,おいしい
ink,インク
supervise,監督します
waitress,ウェイトレス
cleaner,クリーナー
developer,デベロッパー
headquarter,本部
shuttle,シャトル
stationery,文房具
subscribe,申し込む
alike,同様に
flavor,風味
picnic,ピクニック
recipe,レシピ
refreshment,リフレッシュ
administrative,管理者
authorize,許可します
commonly,一般的に
distribution,分布
sofa,ソファー
accommodate,収容
affordable,手頃な価格
annoy,迷惑
commute,通勤
coordinate,座標
paperwork,書類
quit,終了する
authority,権限
flu,インフルエンザ
captain,キャプテン
installation,インストール
trainer,トレーナー
availability,可用性
bargain,バーゲン
complimentary,無料
hike,ハイキング
midnight,夜中
productivity,生産性
rainy,雨の
relocate,再配置します
trainee,研修生
transaction,取引
unhappy,不幸
verify,確認
automobile,自動車
courier,宅配便
incomplete,不完全な
questionnaire,アンケート
baseball,野球
dock,ドック
lamp,ランプ
lately,近々
machinery,機械
presenter,プレゼンター
seldom,滅多
signature,サイン
worldwide,世界的に
carrier,キャリア
designate,指定
exclusive,エクスクルーシブ
grocery,買い物
homework,宿題
memorandum,メモ
photocopier,コピー機
suite,スイート
thorough,徹底的です
bookstore,書店
cater,ケーター
dental,歯科
duration,間隔
lounge,ラウンジ
painter,画家
patron,パトロン
prescription,処方
productive,生産的
salad,サラダ
stack,スタック
delegate,委任
salesperson,営業担当者
calculator,電卓
completion,完了
defect,欠陥
garbage,ごみ
omit,省略します
spite,悪意
bathroom,トイレ
cab,タクシー
correspondence,対応
ladder,はしご
photography,写真
sculpture,彫刻
anniversary,記念日
buffet,ビュッフェ
defective,欠陥
ice cream,アイスクリーム
leak,リーク
occupancy,占有
proficiency,習熟度
renewal,リニューアル
urgent,急
annually,毎年
basketball,バスケットボール
delete,消去
illogical,非論理
pet,ペット
textbook,教科書
accurately,正確に
cabin,キャビン
conductor,導体
inspector,検査官
intern,インターン
semester,学期
confirmation,確認
congratulation,おめでとうございます
expertise,専門知識
graph,グラフ
taker,テイカー
utility,効用
voucher,バウチャー
banker,バンカー
behalf,代わりに
minimize,最小化します
optional,オプション
paycheck,給料
polite,丁寧
protective,保護
seller,売り手
sidewalk,歩道
sightsee,観光
soup,スープ
transit,トランジット
wallet,財布
born,生まれ
cashier,レジ
casual,カジュアル
drill,ドリル
fountain,噴水
juice,ジュース
lane,LANE
popularity,人気
poster,ポスター
promptly,すぐに
retailer,小売業者
vacancy,空室
bench,ベンチ
cumulative,累積的な
directory,ディレクトリ
disposal,廃棄
housekeeper,お手伝いさん
internship,インターンシップ
knowledgeable,知識が豊富です
organizer,オーガナイザー
overdue,期限切れ
prediction,予測
subscriber,サブスクライバー
booklet,冊子
conditioner,コンディショナー
enroll,登録
frustrate,欲求不満
garment,衣服
orientation,オリエンテーション
outlet,出口
packet,パケット
plumber,配管工
specification,仕様
auto,自動
decorate,飾る
deduction,控除
definite,明確です
economical,経済的
efficiently,効率的
flyer,チラシ
franchise,フランチャイズ
generous,優しい
interrupt,割り込み
oven,オーブン
pant,パンツ
profitable,収益性
refrigerator,冷蔵庫
reimburse,払い戻し
showroom,ショールーム
vegetarian,ベジタリアン
administrator,管理者
broker,ブローカ
cancellation,キャンセル
confidential,機密
jet,ジェット
realistic,現実的です
thoroughly,徹底的に
trash,ごみ
usage,利用方法
windy,風が強い
automate,自動化します
ferry,フェリー
finalize,確定します
incur,発生します
instruct,指示
loyal,忠実
luncheon,ランチョン
microphone,マイクロフォン
overview,概要
projector,プロジェクター
shortage,不足
spacious,広々とした
accomplishment,達成
accustom,慣れた
clinic,診療所
desktop,デスクトップ
jog,ジョグ
leisure,レジャー
nap,昼寝
reinforce,強化する
sender,送信者
vacuum,真空
wireless,無線
yearly,毎年
appreciation,感謝
cargo,貨物
cooperate,協力します
distract,気を散らす
dividend,配当
exemption,免除
furnish,家具
hourly,時給
laundry,ランドリー
mandatory,必須
mechanical,機械
pharmacy,薬局
promotional,プロモーション
quarterly,四半期
residential,居住の
scholarship,奨学金
seeker,シーカー
temporarily,一時的に
towel,タオル
unattended,無人
accessible,アクセス可能
afterward,その後
apology,謝罪
assemble,組み立てる
automatic,自動
boardroom,会議室
carpenter,大工
caterer,仕出し屋
classify,分類します
consultation,相談
durable,耐久性
glove,グローブ
hardware,ハードウェア
malfunction,故障
outdate,アウトトート
patience,忍耐
postcard,はがき
prospective,将来
revision,リビジョン
strictly,厳密に
tomato,トマト
tray,トレイ
vendor,ベンダー
withdrawal,撤退
anytime,どんなときも
badge,バッジ
brake,ブレーキ
calculation,計算
coordinator,コーディネーター
costly,費用がかかります
equip,装備
excursion,遠足
graphic,グラフィック
inexperience,経験不足
lengthy,長い
librarian,司書
meantime,その間
merge,マージ
performer,パフォーマー
pharmacist,薬剤師
pizza,ピザ
resignation,辞任
reviewer,レビュアー
terminate,終了します
translation,翻訳
unfamiliar,なじみのない
actress,女優
adjacent,隣接
alternate,代わりの
congratulate,祝福します
escort,護衛
inexpensive,安価な
mask,マスク
purchaser,購入者
purse,財布
realtor,不動産業者
rearrange,再配置
reopen,再開します
soap,石鹸
spokesperson,スポークスマン
superior,優れました
airfare,航空運賃
bake,焼く
businessperson,事業者
considerably,かなり
faulty,欠陥
hobby,趣味
informal,非公式
kilometer,キロメートル
lawn,芝生
microscope,顕微鏡
mislead,誤解を招く
misplace,誤った場所
newsstand,ニューススタンド
overhead,オーバーヘッド
portfolio,ポートフォリオ
rack,ラック
remodel,改造
statistics,統計学
tunnel,トンネル
unlimited,無制限
vitamin,ビタミン
zoo,動物園
alert,アラート
auditorium,講堂
celebrity,有名人
deduct,控除します
disruption,混乱
electrician,電気技師
enthusiastic,熱狂的
graduation,卒業
icy,氷
irregular,不規則
login,ログインする
managerial,管理者
mineral,ミネラル
motorcycle,オートバイ
necessity,必要性
planner,プランナー
programmer,プログラマー
proofread,校正
recruiter,リクルーター
remainder,残り
rose,薔薇
statue,銅像
steadily,着実に
stockholder,株主
vacant,空室
accessory,アクセサリー
assembly,組み立て
basket,バスケット
certification,認証
closure,閉鎖
dislike,嫌い
downstairs,階下
expiration,有効期限
headache,頭痛
jam,混雑する
nail,爪
optimistic,楽観的
pedestrian,歩行者
projection,投影
sleeve,スリーブ
solar,太陽
suburb,郊外
takeover,買収
unsure,確信が持てません
upstairs,2階
verbal,口頭
visa,ビザ
wildlife,野生動物
workforce,労働力
absent,不在
accumulate,蓄積します
appraisal,評価
apprentice,見習い
businessman,ビジネスマン
ceiling,シーリング
colorful,カラフル
compensate,補償
costume,コスチューム
editorial,社説
effectiveness,効果
facilitate,促進します
firefighter,消防士
gasoline,ガソリン
inappropriate,不適切
internet,インターネット
landlord,家主
layout,レイアウト
lunchtime,ランチタイム
payroll,給与
pharmaceutical,医薬品
plausible,もっともらしい
premium,プレミアム
safely,安全に
simplify,簡素化する
specialty,専門
tech,技術
unexpected,予期しない
unspecified,不特定
adhere,遵守する
bankrupt,破産
caution,注意
clip,クリップ
comply,準拠
diner,ダイナー
duplicate,複製
eager,熱心
economist,エコノミスト
embassy,大使館
fasten,締めます
harmful,危害を与える
informative,有益な
institute,研究所
kit,キット
locally,ローカル
mentor,メンター
nominate,ノミネート
opt,Opt
parade,パレード
physician,医師
polish,研磨
postage,送料
recreational,レクリエーション
rehearse,リハーサル
removal,除去
satisfactory,満足のいく
seasonal,季節
separately,別々に
turnover,ひっくり返す
unnecessary,不要
accordingly,によると
apple,りんご
applicable,該当する
auction,競売
balcony,バルコニー
basement,地下
beforehand,予め
culinary,料理
documentary,ドキュメンタリー
downturn,景気後退
earthquake,地震
elegant,エレガント
excessive,過度
generic,ジェネリック
jazz,ジャズ
lifetime,一生
massage,マッサージ
maximize,最大化します
mild,軽度
ongoing,進行中
periodically,定期的に
pie,パイ
plug,プラグ
recruitment,募集
referee,審判
referral,照会
renown,有名
runner,ランナー
sock,靴下
spam,スパム
surf,サーフィン
timetable,時刻表
vase,花瓶
aboard,乗船
advancement,アドバンス
advertiser,広告主
alternatively,または、または
amuse,楽しませる
attorney,弁護士
authorization,許可
campus,キャンパス
candy,キャンディー
certify,証明します
checkout,チェックアウト
chemistry,化学
circulation,サーキュレーション
concierge,コンシェルジュ
consent,同意
consistently,一貫して
cookie,クッキー
deck,デッキ
descriptive,記述
detach,取り外します
documentation,ドキュメンテーション
entrepreneur,起業家
exceptional,例外的
familiarize,親しみやすい
hotline,ホットライン
intonation,イントネーション
invention,発明
irritate,いらいらします
locker,ロッカー
overlook,見落としてください
patent,特許
payable,支払い可能
preliminary,予備
salesman,セールスマン
sauna,サウナ
smoothly,スムーズに
sunshine,日光
tow,牽引
translator,翻訳者
tuition,学費
unavailable,利用できません
violation,違反
webpage,ウェブページ
acceptance,受け入れ
allocate,割り当てる
ambitious,野心的
appendix,付録
booth,ブース
clarify,明らかにする
classmate,同級生
compile,コンパイル
correction,修正
customize,カスタマイズ
dedication,献身
diagnose,診断
discontinue,中止する
dishwasher,食器洗い機
drought,干ばつ
economize,経済します
entrée,アントレ
firework,花火
freight,貨物
fry,稚魚
gallon,ガロン
gardener,庭師
ideally,理想的には
inclusive,包括的
insufficient,不十分
introductory,紹介
junk,ジャンク
ma'am,奥様
mileage,マイレージ
noisy,うるさい
pan,鍋
parcel,小包
pasta,パスタ
periodical,定期刊行物
pill,ピル
portable,ポータブル
punctual,規則正しい
recreation,レクリエーション
relieve,緩和する
reminder,リマインダー
rumor,噂
scarf,スカーフ
seaside,シーサイド
shorten,短くします
specially,特に
spill,こぼれます
spouse,配偶者
subtract,減算します
tablet,タブレット
ton,トン
vend,ベンド
yoga,ヨガ
accent,アクセント
advisory,アドバイザリー
asleep,寝落ち
authentic,本物
bakery,ベーカリー
carton,カートン
compartment,区画
compatible,互換性
consumption,消費
conveniently,便利です
cosmetic,化粧品
courtesy,礼儀
creativity,創造性
criteria,基準
disagreement,不一致
disappointment,失望
dissatisfy,不満
enjoyable,楽しい
faculty,学部
favorable,好ましい
foreman,フォアマン
forum,フォーラム
founder,創設者
fundraise,資金調達
graphics,グラフィックス
handy,ハンディ
hazardous,危険
healthcare,健康管理
humidity,湿度
immigration,移民
influential,影響力
nationwide,全国
pad,パッド
paraphrase,言い換え
placement,配置
postal,郵便
publicity,宣伝
renter,賃借人
repairperson,修理人
repeatedly,繰り返し
restroom,トイレ
silently,静かに
spa,スパ
spreadsheet,スプレッドシート
stapler,ステープラー
streamline,合理化
substantially,実質的に
teller,テラー
tidy,几帳面
toll,通行料金
toner,トナー
urgently,緊急に
walkway,通路
absorb,吸収する
administer,管理
ample,十分な
antique,アンティーク
bean,豆
browse,ブラウズ
bye,さよなら
careless,不注意
collector,コレクタ
conform,適合
congestion,混雑
contradiction,矛盾
contrary,逆に
diploma,ディプロマ
distributor,卸売業者
dive,飛び込む
energetic,エネルギッシュ
environmentally,環境的に
escalator,エスカレーター
exotic,エキゾチック
fabric,ファブリック
generalization,一般化
guidance,ガイダンス
gum,ガム
hesitant,ためらう
indicator,インジケータ
individually,個別に
junior,ジュニア
lifestyle,ライフスタイル
likewise,同じく
morale,士気
orchestra,オーケストラ
organizational,組織
outlook,見通し
physics,物理
pole,ポール
puzzle,パズル
reflexive,反射
snowy,雪に覆われています
steak,ステーキ
sticker,ステッカー
telecommunication,通信
timely,タイムリーな
uncomfortable,快適でない
amenity,アメニティ
approximate,近似
await,待つ
barbecue,バーベキュー
beginner,初心者
biology,生物学
blanket,毛布
chairperson,議長
charitable,慈善
checkup,調べる
cooler,クーラー
crane,クレーン
dealership,ディーラー
dependable,信頼できる
disconnect,切断します
dispose,廃棄
disrupt,混乱します
dynamic,動的
enthusiastically,熱心に
freelance,フリーランス
grill,グリル
habitual,習慣的
internationally,国際的に
invaluable,かけがえのない
messenger,メッセンジャー
paperback,ペーパーバック
rebate,リベート
recur,再発します
reproduce,再現します
spray,噴射
staple,ステープル
strategic,戦略的
stripe,縞
teen,ティーン
tempt,誘惑
timer,タイマー
unload,アンロード
unusually,異常に
vacate,退去します
whale,鯨
wisely,賢く
amateur,アマチュア
ambassador,大使
anew,新しい
architectural,建築
attain,達成
balloon,バルーン
blueprint,青写真
bug,バグ
cautious,注意深い
circuit,回路
clap,拍手
commerce,商業
convey,取り次ぐ
cord,コード
counselor,カウンセラー
debit,デビット
delicate,繊細
dependence,依存
distraction,気晴らし
downsize,ダウンサイズ
elephant,象
enthusiasm,熱意
enthusiast,愛好家
evident,明らか
flexibility,柔軟性
flextime,flextime
fortunately,幸運
freighter,貨物船
generator,発生器
hallway,廊下
hamburger,ハンバーガー
hazard,危険
homeowner,家主
imperative,必須
inflate,膨らみます
insert,入れる
lecturer,講師
meaningful,意味があります
memorize,暗記
merchant,商人
modification,変形
occupant,居住者
overcharge,過充電
oversee,監督
petition,嘆願
pillow,まくら
popcorn,ポップコーン
pottery,陶器
professionally,専門的に
publicize,公表します
ray,レイ
redecorate,改装します
refinery,製油所
refresh,リフレッシュします
refundable,返金可能
reimbursement,払い戻し
reliability,信頼性
reluctant,気が進まない
sewer,下水道
skate,スケート
skateboard,スケートボード
sleepy,眠いです
tailor,仕立て屋
termination,終了
theft,盗難
thunderstorm,雷雨
transmission,トランスミッション
transmit,送信
unused,未使用
waive,放棄します
yen,円
activate,活性化
additionally,さらに
affirmative,肯定
baker,ベイカー
brainstorm,ブレインストーミング
cage,ケージ
cinema,シネマ
collaboration,コラボレーション
condominium,コンドミニアム
consecutive,連続
cordless,コードレス
deluxe,デラックス
desirable,望ましい
discrepancy,不一致
dispatch,急送
drawback,欠点
dull,鈍い
economically,経済的に
evenly,均等に
excellence,優秀
exclusively,独占的に
farewell,別れ
fatigue,倦怠感
fiscal,財政
fleet,海軍
flour,小麦粉
fog,霧
formally,正式に
gram,グラム
handbook,ハンドブック
headphone,ヘッドホン
heater,ヒータ
helmet,ヘルメット
hiker,ハイカー
homeless,ホームレス
lighter,ライター
loudly,うるさい
loyalty,ロイヤリティ
microwave,電子レンジ
misidentify,誤認
neat,きちんとした
nomination,指名
officially,公式に
outfit,衣装
pastry,ペストリー
personalize,パーソナライズ
poorly,不完全に
prestigious,有名な
purser,パーサー
reassure,安心します
resume,履歴書
reunion,再会
revolutionize,革命を起こします
seafood,シーフード
signify,意味します
slot,スロット
steer,操縦
sue,訴える
superb,見事
traditionally,伝統的に
tremendous,絶大
underway,進行中
unpleasant,不快
violin,バイオリン
ward,区
worthwhile,価値がある
adapter,アダプタ
advisable,お勧めします
archive,記録
artistic,芸術的
assurance,保証
athletic,アスレチック
attire,服装
auditor,監査人
bankruptcy,倒産
bulk,バルク
butter,バター
centimeter,センチメートル
circulate,循環します
comb,櫛
comfortably,快適に
compliance,コンプライアンス
contraction,収縮
cookbook,料理本
cushion,クッション
dose,用量
drum,ドラム
embed,埋め込み
evacuate,隔離
expedite,迅速
extinguisher,消火器
familiarity,親しみやすさ
flaw,欠陥
fluctuate,変動します
fluent,流暢
honestly,本音
housekeep,ハウスキープ
hurricane,ハリケーン
hygiene,衛生
integral,積分
interactive,相互の作用
interfere,干渉
kilogram,キログラム
layoff,一時解雇する
lightweight,軽量
merit,メリット
necklace,ネックレス
needy,貧しい
overpay,過払い
pamphlet,パンフレット
partial,部分的
penalize,ペナルティ
pollute,汚染
prescribe,処方
probable,ありそう
prominent,目立つ
rainfall,降雨
relocation,再配置
residence,住居
retrieve,取得します
rider,ライダー
rubber,ゴム
rug,ラグ
salespeople,営業担当者
sharply,鋭く
similarity,類似性
someday,いつか
spectator,観客
stereo,ステレオ
storeroom,貯蔵室
subsidize,助成金
suspicious,疑わしい
tasty,美味しい
terrific,素晴らしい
underground,地下
unpaid,未払い
volleyball,バレーボール
wheelchair,車椅子
whoever,誰でも
wool,ウール
wrinkle,しわ
accuracy,正確さ
anyhow,とにかく
appetizer,前菜
arc,アーク
audition,オーディション
backpack,バックパック
ballroom,ボールルーム
beneficial,有益
biography,バイオグラフィー
bound,バウンド
broom,ほうき
cheeseburger,チーズバーガー
chilly,肌寒い
circus,サーカス
compliment,褒め言葉
consignment,委託
continental,コンチネンタル
copyright,著作権
countryside,田舎
demolish,破壊します
departmental,部門
desperate,やけくそ
devastate,壊滅的です
diagnostic,診断
diagram,図
diamond,ダイヤモンド
disable,無効にします
disgust,嫌悪
donut,ドーナツ
doorman,ドアマン
electronically,電子的に
elevate,高くします
engagement,婚約
enrollment,登録
euro,ユーロ
forbid,禁止
fork,フォーク
foster,フォスター
getaway,逃げる
gossip,ゴシップ
hacker,ハッカー
hardworking,勤勉な
impatient,せっかち
indirect,間接
interpreter,通訳者
intersection,交差点
irrelevant,無関係
jeans,ジーンズ
journalism,ジャーナリズム
letterhead,レターヘッド
lifeguard,ライフガード
modem,モデム
monument,記念碑
mosquito,蚊
obligate,義務
oblige,義務
occurrence,発生
operational,運用
outage,停止
overcrowd,オーバークラウド
paralegal,パラリーガル
partially,部分的に
pepper,コショウ
permanently,永久に
plow,プラウ
query,クエリ
railway,鉄道
raincoat,レインコート
reconsider,再考します
redesign,再設計
rehearsal,リハーサル
relaxation,リラクゼーション
repetition,繰り返し
retreat,退却
salon,サロン
satellite,衛生
scenery,景色
serial,シリアル
sew,縫う
sketch,スケッチ
smartphone,スマートフォン
soar,舞い上がる
stimulus,刺激
stockbroker,ストックブローカー
tablecloth,テーブルクロス
thirsty,喉が渇いた
thrill,スリル
tile,タイル
toiletry,トイレタリー
trademark,商標
tropical,トロピカル
tuna,ツナ
unemployed,失業者
validate,検証
vanilla,バニラ
willingness,意欲
wristwatch,腕時計
abide,順守します
actively,積極的に
allergy,アレルギー
apprehensive,不安
automotive,自動車
bacteria,細菌
broaden,広げる
bulb,バルブ
by-law,条例
cheer,応援
complication,合併症
considerate,思いやり
daytime,昼間
decoration,装飾
discard,破棄
drastically,劇的に
erase,消去します
explorer,冒険者
factual,事実
fixture,フィクスチャ
footwear,履物
genre,ジャンル
gymnasium,ジム
hereby,これが
hesitation,ためらいます
homemade,自家製
hospitality,おもてなし
incoming,着信
induction,誘導
inspiration,インスピレーション
intently,熱心に
mower,芝刈り機
nutrition,栄養
restatement,修正
sedan,セダン
sunscreen,日焼け止め
wellness,ウェルネス
workbook,ワークブック
bookcase,本棚
cleanliness,清潔さ
contestant,出場者
ethics,倫理
healthful,健康
inefficient,非効率的な
liter,リットル
recession,不況
timeline,タイムライン
unreliable,信頼できない
acclaim,称賛
chronic,慢性
deteriorate,劣化する
resemble,似ている
unauthorize,許可しない
violate,違反
unplug,プラグを抜く
videoconference,ビデオ会議
shoot,シュート
announce,発表
unless,そうでもなければ
independent,独立
recommend,お勧め
survey,調査
majority,多数
stick,棒
request,リクエスト
rich,リッチ
wind,風
none,なし
exchange,両替
budget,バジェット
famous,有名
blood,血液
appropriate,適切な
block,ブロック
warm,暖かい
count,カウント
scene,シーン
writer,作家
content,コンテンツ
prevent,防ぐ
safe,安全
invite,招待
mix,ミックス
element,エレメント
effective,効果的
correct,正しい
medical,医学
admit,認める
beat,ビート
telephone,電話
copy,コピー
committee,委員会
aware,わかっている
advice,アドバイス
handle,扱う
glass,ガラス
trial,トライアル
stress,ストレス
radio,無線
administration,管理
complex,繁雑
text,文章
context,環境
ride,乗る
directly,直接
heavy,重い
remove,削除する
conduct,行為
equipment,装置
otherwise,それ以外は
title,題名
extra,追加
executive,エグゼクティブ
chair,椅子
expensive,高い
sample,サンプル
sex,セックス
deliver,配達
video,ビデオ
connection,繋がり
primary,主要な
weather,天気
collect,収集
inform,知らせる
principle,原理
straight,真っ直ぐ
appeal,訴える
highly,非常に
trust,信頼
wonderful,素晴らしい
flat,平らな
absolutely,絶対
flow,フロー
fair,公平
additional,追加
responsible,責任者
farm,農場
collection,コレクション
hang,下がる
negative,ネガティブ
band,バンド
relative,相対的
tour,旅行
alternative,別
software,ソフトウェア
pair,ペア
ship,輸送する
attitude,態度
cheap,安いです
double,ダブル
leg,足
observe,観察する
sentence,文
print,印刷
progress,進捗
truth,真実
nobody,誰でもない
examine,診る
lay,横たわっている
speed,速度
politics,政治
reply,返事
display,画面
transfer,移行
perfect,完全
slightly,少し
overall,全体
intend,意図する
user,ユーザー
respond,応答
dinner,夕食
slow,スロー
regular,通常
physical,物理的
apart,離れて
suit,スーツ
federal,連邦政府
reveal,明らかな
percentage,パーセンテージ
peace,平和
status,状態
crime,犯罪
decline,却下
decade,十年
launch,発売
warn,暖かい
consumer,消費者
favor,好意
dry,ドライ
partner,相棒
institution,機関
spot,スポット
horse,うま
eventually,最終的
heat,熱
excite,エキサイト
reader,読者
importance,重要性
distance,距離
guide,ガイド
grant,許す
taxi,タクシー
feed,餌
pain,痛み
sector,セクタ
mistake,間違い
ensure,確認
satisfy,満足
chief,チーフ
cool,いいね
expert,エキスパート
wave,波
south,南
labor,労働
surface,水面
library,図書館
excellent,優れた
edge,縁
camp,キャンプ
audience,観客
lift,リフト
procedure,手順
email,Eメール
global,グローバル
struggle,闘争
advertise,宣伝します
select,選択する
surround,囲む
extent,範囲
river,川
annual,通年
fully,完全に
contrast,対比
roll,ロール
reality,現実
photograph,写真
artist,アーティスト
conflict,対立
entire,全体
presence,面前
crowd,群衆
corner,コーナー
gas,ガス
shift,シフト
net,ネット
category,カテゴリー
secretary,秘書
defense,防衛
quick,素早い
cook,料理
spread,展開する
nuclear,核
scale,規模
driver,運転者
ball,玉
cry,泣く
introduction,前書き
requirement,要件
north,北
confirm,確認
senior,シニア
photo,写真
refuse,ごみ
transport,輸送
emerge,出現します
map,地図
concept,概念
island,小島
reform,改革
neither,ない
football,フットボール
survive,生き残ります
flight,フライト
left,左
solve,解決する
neighbor,近所の人
background,バックグラウンド
technique,技術
traffic,トラフィック
improvement,改善
tool,道具
consequence,結果
circumstance,状況
smoke,煙
reaction,反応
rain,雨
busy,忙しい
lesson,レッスン
brain,脳
mass,質量
funny,面白い
contribute,助ける
failure,失敗
schedule,スケジュール
speaker,スピーカー
bottom,下
adopt,採用
combine,混ぜる
mountain,山
waste,廃棄物
hide,隠れる
marriage,結婚
ticket,チケット
meal,お食事
colleague,同僚
bag,バッグ
repeat,繰り返す
equal,同等
expression,表現
plus,プラス
extremely,非常に
owner,オーナー
plane,飛行機
commercial,商業
lady,レディ
duty,関税
strength,力
connect,接続
cultural,文化
arrange,整える
scheme,図式
payment,支払い
unfortunately,不幸にも
brief,簡単に
bird,鳥
demonstrate,実証します
contribution,貢献
appreciate,感謝
chapter,章
secret,秘密
apparently,どうやら
novel,小説
union,連合
burn,燃えた
trend,傾向
initial,イニシャル
pleasure,喜び
suggestion,提案
critical,致命的
gather,集める
mostly,多くの場合
earth,地球
pop,ポップ
essential,必要不可欠
desire,欲望
promote,促進
currently,現在
employ,雇用します
path,道
topic,トピック
beach,ビーチ
attract,引きつける
engage,従事
powerful,強力
flower,花
crisis,危機
settle,解決
boat,ボート
aid,援助
fan,ファン
kitchen,キッチン
twice,2回
fresh,新鮮な
delay,遅れ
safety,安全性
engineer,エンジニア
quiet,静かな
insurance,保険
nurse,看護婦
divide,分ける
length,長さ
investigation,調査
package,パッケージ
somewhere,どこか
expand,拡大
commit,専念
obvious,明らか
jump,ジャンプ
weapon,武器
relatively,比較的
host,ホスト
winter,冬
district,区域
broad,広い
tire,タイヤ
spring,バネ
spirit,精神
lunch,ランチ
actual,実際
pool,プール
battle,戦い
tradition,伝統
cash,現金
hardly,しそうにない
award,アワード
coach,コーチ
experiment,実験
consideration,考慮
strange,変
code,コード
possibly,おそらく
threat,脅威
accident,事件
impossible,無理だよ
revenue,収益
enable,有効
afraid,恐れ
active,アクティブ
conclude,結論
religious,宗教的
cancer,癌
convince,納得
vary,変化
environmental,環境
sun,太陽
healthy,健康
blow,吹く
volume,音量
location,位置
invest,投資
proceed,続行
wash,洗う
actor,俳優
glad,嬉しい
tape,テープ
whereas,一方
opposite,反対
stone,結石
sum,和
murder,殺人
monitor,モニター
soldier,兵隊
finance,ファイナンス
hate,嫌い
egg,卵
concert,コンサート
shock,ショック
comfortable,快適
usual,いつもの
carefully,気をつけて
pack,パック
recall,想起
wine,ワイン
camera,カメラ
swim,泳ぐ
manufacture,製造
theater,シアター
cycle,サイクル
coffee,コーヒー
totally,完全に
museum,美術館
visitor,ビジター
freedom,フリーダム
construction,工事
dear,親愛なる
objective,目的
moreover,さらに
onto,に
historical,歴史的
oppose,反対します
branch,ブランチ
vehicle,車両
scientist,科学者
route,ルート
bind,練る
belong,属する
taste,味
tonight,今夜
fashion,ファッション
danger,危険
bomb,爆弾
army,軍
dangerous,危険な
decrease,下降
hurt,傷つく
council,評議会
editor,編集者
normally,通常は
sight,視力
generate,生成
gift,贈り物
delivery,配達
deny,拒否
guest,ゲスト
anybody,誰でも
bedroom,寝室
quote,見積もり
climb,登る
basically,基本的
violence,暴力
minister,大臣
mainly,主に
mouth,口
noise,ノイズ
manner,マナー
gun,銃
square,四角
occasion,機会
familiar,見慣れた
ignore,無視
destroy,破壊する
affair,事件、出来事
civil,市民
locate,見つけます
citizen,市民
temperature,温度
gold,金
domestic,国内
load,ロード
belief,信念
troop,部隊
technical,テクニカル
remind,思い出させる
arrangement,配置
skin,肌
prison,刑務所
switch,スイッチ
acquire,取得
corporate,企業
fairly,かなり
wood,木材
participate,参加
tough,タフ
tear,破れ目
representative,代表
capacity,容量
border,国境
shake,振る
assessment,評価
shoe,靴
ought,すべきです
ad,広告
fee,費用
hall,ホール
regulation,規制
escape,エスケープ
studio,スタジオ
proper,ちゃんとした
relax,リラックス
tourist,観光客
component,成分
afford,余裕ある
lawyer,法律家
suspect,容疑者
cup,カップ
description,説明
confidence,自信
industrial,産業
complain,不平をいう
perspective,視点
error,エラー
arrest,逮捕
assess,評価
register,登録
asset,資産
signal,信号
finger,指
relevant,関連する
explore,見る
leadership,リーダーシップ
commitment,献身
wake,目を覚ます
necessarily,必要な
bright,明るい
frame,フレーム
slowly,ゆっくり
bond,つなぐ
hire,雇用
hole,穴
tie,ネクタイ
internal,内部
chain,鎖
literature,文学
victim,被害者
threaten,脅かす
division,分割
secure,安全
amaze,驚いた
device,デバイス
birth,誕生
forest,森林
label,ラベル
root,根
factory,工場
expense,費用
channel,チャネル
investigate,調査
recommendation,おすすめ
rank,ランク
typical,典型的
west,西
friendly,フレンドリー
resident,居住者
provision,規定
concentrate,集中
plenty,多くの
export,書き出す
entirely,全体的に
strongly,強く
bridge,橋
consist,構成
graduate,卒業
brand,ブランド
moral,道徳の
insist,主張
combination,組み合わせ
abuse,乱用
ice,氷
principal,主要
master,主人
definitely,絶対
session,セッション
grade,学年
nevertheless,それでもないし
predict,予測する
previously,以前
protection,保護
largely,主に
wed,結婚した
rent,家賃
shot,ショット
appearance,外観
reasonable,適正
guarantee,保証
till,till
theme,テーマ
judgment,判定
odd,奇数
approve,承認
loan,ローン
definition,意味
elect,選出
atmosphere,雰囲気
farmer,農家
comparison,比較
characteristic,特性
license,ライセンス
rely,頼る
narrow,狭い
succeed,成功した
identity,身元
desk,デスク
permit,許可
seriously,真剣に
wild,野生
empty,空の
commission,手数料
unique,個性的
association,協会
instrument,楽器
investor,投資家
practical,実用的
tea,お茶
lovely,素晴らしい
soft,柔らかい
row,行
youth,若者
lock,ロック
fuel,燃料
expectation,期待
employment,雇用
celebrate,祝う
sexual,性的
shoulder,ショルダー
breath,呼吸
increasingly,ますます
import,輸入
bottle,ボトル
ourselves,私たち自身
sheet,シート
engine,エンジン
cast,キャスト
notion,概念
conservative,保守的
journey,旅
opposition,反対
relief,安心
debt,借金
honor,名誉
outcome,結果
blame,非難
explanation,説明
arise,発生します
musical,ミュージカル
recover,回復します
dad,お父さん
stretch,ストレッチ
declare,宣言する
retire,引退
tiny,小さな
careful,気をつけろ
suitable,適切
native,ネイティブ
fruit,フルーツ
analyze,分析します
witness,目撃者
mail,郵便物
terrible,ひどい
researcher,研究者
ordinary,普通
selection,選択
anywhere,どこでも
mental,メンタル
participant,参加者
vision,ヴィジョン
personality,人格
specifically,具体的には
fat,太い
entry,エントリ
fellow,仲間
chemical,化学
capture,捕獲
tip,ヒント
discount,割引
peak,ピーク
chairman,会長
proportion,割合
ear,耳
disappear,消える
shout,叫ぶ
yard,ヤード
constant,絶え間ない
significantly,大幅
hill,丘
considerable,かなり
instruction,命令
intelligence,知能
ideal,理想
folk,フォーク
surely,もちろん
guard,ガード
cat,猫
somewhat,幾分
kiss,接吻
presentation,プレゼンテーション
joint,ジョイント
compete,競争
poll,世論調査
weak,弱い
faith,信仰
reduction,割引
reserve,予約
complaint,苦情文句
bore,退屈させる
mission,ミッション
somehow,何とかして
tone,調子
neighborhood,近所
passenger,乗客
justice,正義
phase,段階
thin,薄い
rush,急ぐ
formal,丁寧
religion,宗教
employer,雇用者
reject,拒絶
latter,後者
plate,皿
ban,禁止
steal,窃盗
protest,抗議する
index,索引
sad,悲しい
frequently,頻繁に
circle,サークル
helpful,役に立った
command,指図
attractive,魅力的
sick,病気
impression,印象
unable,不可能
joke,ジョーク
sky,空
column,桁
electronic,電子
impose,課す
criminal,犯罪的
besides,そのほか
properly,ちゃんと
ancient,古代
coast,海岸
ill,病気
kick,キック
closely,密接に
multiple,多数
yield,収率
via,経由
legislation,法律
county,郡
unlike,ようではない
mobile,モバイル
assistant,アシスタント
implement,埋め込む
chart,チャート
attach,取り付けます
hell,地獄
everywhere,どこにでも
advise,アドバイス
household,家庭
acknowledge,認めます
reward,褒美
east,東
hat,帽子
academic,アカデミック
voter,有権者
meanwhile,その間
furthermore,さらに
accuse,非難
scientific,科学的
wage,賃金
absence,不在
construct,構成
remark,述べる
medicine,薬
professor,教授
rare,レア
intention,目的
dozen,ダース
settlement,決済
gap,ギャップ
widely,広く
minimum,最小
northern,北
estate,エステート
equally,同様に
expose,公開
alive,生きている
shut,シャット
victory,勝利
resolve,解決
critic,批評家
variable,変数
enormous,甚大
sweet,甘い
permanent,永続
emotion,感情
pursue,追及する
tall,高い
urge,衝動
enemy,敵
appoint,任命
milk,ミルク
talent,タレント
smell,匂い
prior,前
priority,優先順位
online,オンライン
phrase,段階
pilot,パイロット
stable,安定
merely,単に
resolution,解像度
communicate,伝える
injury,けが
vast,広大
exhibition,エキシビション
producer,プロデューサー
regional,地域
immediate,すぐに
incident,インシデント
childhood,子供時代
draft,下書き
slip,スリップ
accompany,同行
politician,政治家
angry,怒り
knock,ノック
seed,シード
salary,給料
illustrate,説明します
imply,意味する
breakfast,朝ごはん
temporary,一時的
liberal,リベラル
lake,湖
qualify,資格
competitive,競争力
truly,本当に
hi,こんにちは
yellow,黄色
habit,癖
disk,ディスク
core,芯
emotional,感情の
aircraft,航空機
self,自己
metal,金属
existence,存在
bone,骨
panel,パネル
prime,プライム
appointment,予定
emphasize,強調
maximum,最大
effectively,効果的に
elsewhere,他の場所
bother,わざわざ
initiative,主導権
sharp,シャープ
diet,ダイエット
motion,モーション
gray,グレー
plastic,プラスチック
complicate,複雑です
discipline,規律
disappoint,がっかりする
boss,ボス
assumption,予測
freeze,氷結
extreme,過激
passage,通路
reputation,評判
forth,前方へ
negotiation,交渉
mechanism,機構
coat,コート
democracy,民主主義
pocket,ポケット
lucky,ラッキー
crash,クラッシュ
observation,観察
meat,肉
concentration,集中
implication,含意
deserve,値する
unusual,普通でない
defend,守る
classic,クラシック
king,キング
interaction,交流
repair,修理
collapse,崩壊
borrow,借りる
fundamental,基本的
dish,皿
abroad,外国
soul,魂
capable,有能
defeat,敗北
presidential,大統領
perfectly,完璧です
enhance,強化する
proud,誇り
emergency,緊急
educational,教育
distinguish,区別
substantial,実質的
nearby,近所の
manufacturer,メーカー
slide,滑り台
valuable,貴重
personally,個人的に
breast,胸
cope,対処
approximately,約
accommodation,宿泊施設
highlight,ハイライト
reporter,記者
climate,気候
shirt,シャツ
exception,例外
corporation,株式会社
chip,チップ
winner,勝者
encounter,出会い
brown,茶色
breathe,息
excuse,言い訳
partly,部分的に
tennis,テニス
urban,都市
confuse,混乱
southern,南方の
output,出力
beauty,美しさ
massive,大規模
install,インストール
calculate,計算します
mouse,ねずみ
mathematics,数学
upper,アッパー
creation,創造
occupy,占める
outline,概要
sufficient,十分な
update,アップデート
luck,幸運
preserve,保存
split,スプリット
swing,スイング
illness,病気
journalist,ジャーナリスト
sudden,突然
advertisement,広告
consistent,一貫性のある
originally,元は
aside,さておき
comfort,快適
secondly,第二に
severe,ひどい
gene,遺伝子
prospect,見込み
snow,雪
plot,プロット
neck,首
criterion,基準
primarily,主に
integrate,統合
criticism,批判
convention,大会
bet,ベット
retain,保持
sequence,順序
plain,プレーン
volunteer,ボランティア
rural,田舎
calm,落ち着いて
abandon,放棄する
examination,検査
silence,沈黙
rapidly,急速
efficient,効率的
revolution,革命
delight,喜び
spell,スペル
premise,前提
lean,リーン
dramatic,劇的
differ,異なる
grateful,ありがたい
protein,タンパク質
bike,自転車
distribute,分配します
intellectual,知的
derive,派生する
crucial,重要
unemployment,失業
wheel,車輪
crop,作物
minority,少数
origin,元
interpretation,解釈
gentleman,紳士
drama,ドラマ
landscape,風景
educate,教育する
toy,おもちゃ
fault,障害
exhibit,示す
minor,マイナー
hunt,ハント
storm,嵐
thick,厚い
achievement,業績
negotiate,交渉
dominate,支配します
supplier,サプライヤー
prize,賞
typically,通常
peer,ピア
pension,年金
wing,羽
acquisition,取得
laughter,笑い
deeply,深く
recognition,認識
electricity,電気
assistance,支援
roof,屋根
retirement,退職
respectively,それぞれ
variation,変化
ultimately,最終的に
proof,証拠
soil,土
smart,頭いい
layer,層
upset,動揺
tooth,歯
representation,表現
preparation,準備
dispute,紛争
agenda,議題
emphasis,強調
edition,版
silver,銀
entertainment,エンターテイメント
honest,本音
undertake,取り組む
retail,小売
wire,ワイヤー
unlikely,ありそうもない
gay,ゲイ
publication,出版
slight,わずか
unknown,わからない
framework,フレームワーク
zone,ゾーン
restrict,制限
trace,痕跡
inch,インチ
equivalent,同等
solid,個体
enterprise,企業
elderly,お年寄り
owe,借りている
governor,知事
uniform,ユニフォーム
port,ポート
pitch,ピッチ
arrival,到着
contemporary,コンテンポラリー
gate,ゲート
ease,簡易
beer,ビール
specialist,専門家
assure,保証します
profile,プロフィール
mood,ムード
episode,エピソード
crack,割れ目
numerous,多数
submit,参加する
symptom,症状
virtually,事実上
era,時代
coverage,カバレッジ
tension,テンション
cable,ケーブル
sensitive,センシティブ
nervous,緊張
input,入力
isolate,分離します
prisoner,囚人
eliminate,排除
tight,きつい
wet,濡れた
secondary,二次
welfare,福祉
recruit,リクルート
exclude,除外します
string,ストリング
cloud,クラウド
persuade,説く
inspire,インスパイヤ
grand,グランド
hence,したがって、
crew,クルー
phenomenon,現象
pupil,瞳
FALSE,間違い
assist,支援する
restore,戻す
formula,方式
alter,変更
perceive,知覚
routine,ルーティーン
sink,シンク
stare,見詰める
anymore,もう
hero,ヒーロー
supporter,サポーター
convert,変換
steady,安定
meter,メーター
truck,トラック
nose,鼻
beside,それ以外
sail,帆
disaster,災害
pace,ペース
heavily,重く
devote,献身する
terrorist,テロリスト
justify,正当化します
vital,重要
fascinate,魅了する
external,外部の
spare,予備の
whenever,いつでも
depression,うつ
guilty,有罪
underlie,下に
mom,議事録
distinction,違い
satisfaction,満足
incorporate,組み込む
pour,注ぐ
sweep,掃く
obligation,義務
sir,お客様
evaluate,評価
anger,怒り
pub,パブ
perception,感知
naturally,当然
currency,通貨
database,データベース
initially,最初は
territory,地域
stream,ストリーム
rarely,めったに
height,身長
apparent,見かけ上
western,西
expansion,拡張
constantly,常に
muscle,筋
scare,怖い
badly,ひどく
everyday,毎日
boundary,境界
ratio,比
essay,エッセイ
scream,悲鳴
withdraw,撤退
pollution,汚染
disorder,障害
furniture,家具
symbol,シンボル
apartment,アパート
demonstration,デモンストレーション
analyst,アナリスト
platform,プラットホーム
steel,鋼
cake,ケーキ
transform,変身
wound,傷
restriction,制限
foundation,財団
designer,デザイナー
strain,歪み
innovation,革新
album,アルバム
singer,歌手
trail,トレイル
trap,トラップ
loose,ゆるい
extension,拡大
wealth,富
gradually,徐々に
tank,タンク
evil,悪の
remarkable,顕著
tune,曲
grass,草
invitation,招待
transition,遷移
frighten,怖がっている
bid,入札
breed,繁殖
extraordinary,並外れた
brilliant,素晴らしい
adviser,顧問
stem,幹
reverse,逆行する
mode,モード
mirror,鏡
awful,最悪
pose,ポーズ
adjust,調整
creative,クリエイティブ
nowadays,近頃
poem,詩
agricultural,農業
competitor,競合他社選手
alcohol,アルコール
festival,フェスティバル
vegetable,野菜
van,バン
confident,自信
planet,星
curve,曲線
knee,膝
overcome,克服
web,ウェブ
depth,深さ
entrance,入口
log,ログ
giant,巨人
god,神様
portion,部分
substance,物質
extensive,広範囲
interpret,解釈
independence,独立
sugar,シュガー
inner,内側
harm,危害
consult,相談してください
pink,ピンク
shadow,影の多い
strip,ストリップ
smooth,スムーズ
intervention,介入
impress,印象づける
exam,テスト
vice,悪
radical,ラジカル
similarly,同様に
behave,振る舞う
loud,うるさい
dimension,寸法
subsequent,後続
infection,感染
jacket,ジャケット
efficiency,効率
dirty,汚れた
statistic,統計
regularly,定期的
resort,リゾート
iron,鉄
broadcast,ブロードキャスト
membership,メンバーシップ
bread,パン
blind,盲目
pure,ピュア
bloody,血まみれ
ally,味方
quantity,量
bend,曲げる
mature,成熟
briefly,簡単に
alarm,警報
disturb,乱す
sustain,保つ
flood,洪水
poverty,貧困
crazy,クレイジー
cite,引用
newly,新しく
parallel,平行
gender,性別
sponsor,スポンサー
boot,ブート
accurate,正確
dealer,ディーラー
button,ボタン
burden,負担
desert,荒野
mate,メイト
occasionally,たまに
shareholder,株主
bowl,丼鉢
discovery,発見
resistance,抵抗
bath,浴
frequency,周波数
criticize,批判
tap,タップします
philosophy,哲学
lip,リップ
attribute,属性
apologize,謝罪
approval,承認
grab,掴む
entitle,資格
lend,貸す
involvement,関与
exposure,暴露
conventional,従来型
digital,デジタル
translate,翻訳
edit,編集
formation,形成
deposit,デポジット
pleasant,楽しい
overseas,海外
advocate,提唱する
establishment,確率
summary,まとめ
rough,粗い
pen,ペン
recovery,回復
seal,密閉する
tube,チューブ
tower,タワー
characterize,特徴づけられます
specify,特定
exact,ちょうど
spin,スピン
operator,オペレーター
infant,子供
dig,掘る
drag,引っ張る
mount,マウント
wrap,包む
anticipate,予想
dependent,依存
specialize,専門化します
angle,角度
chicken,チキン
anxiety,不安
virus,ウイルス
precisely,正確に
rival,ライバル
offense,攻撃
detect,探知
teenager,ティーンエイジャー
admire,憧れ
moderate,適度
surgery,手術
musician,音楽家
significance,意義
shower,シャワー
illegal,違法
charity,慈善
universal,ユニバーサル
cigarette,シガレット
constitute,構成
adequate,適切
consultant,コンサルタント
historian,歴史家
cousin,いとこ
visual,ビジュアル
stupid,バカ
keen,鋭い
ethnic,エスニック
twin,ツイン
clinical,臨床
eastern,東部
forecast,天気
segment,セグメント
custom,習慣
adapt,適応する
sand,砂
cap,キャップ
prompt,促す
charm,魅力
react,反応します
lecture,講義
venture,ベンチャー
compound,化合物
rescue,救援
mess,混乱
preference,好み
comprehensive,包括的
incentive,インセンティブ
league,同盟
dialog,ダイアログ
cream,クリーム
rapid,急速
cancel,キャンセル
regret,後悔
dismiss,解散
margin,マージン
beneath,下
opponent,相手
resist,抵抗
capability,容量
absolute,絶対の
correspond,一致する
stroke,脳卒中
dare,あえて
barrier,バリア
rid,取り除く
divorce,離婚
ruin,破滅
bury,埋め込む
counsel,弁護士
tendency,傾向
frequent,頻繁
motor,モーター
survival,生存
counter,カウンター
possess,所有
permission,許可
valley,谷
float,浮く
mad,狂った
greatly,大いに
visible,見える
electric,電気の
impressive,印象的
evolution,進化
awareness,意識
violent,暴力的
slave,奴隷
wealthy,裕福
architecture,建築
acceptable,許容できる
journal,ジャーナル
coal,石炭
measurement,計測
random,ランダム
successfully,正常に
depress,憂鬱
illustration,図
burst,バースト
privilege,特権
buyer,買い手
mutual,共通の
rail,レール
motivate,動機付ける
laboratory,ラボ
mortgage,モーゲージ
promotion,昇進
passion,情熱
champion,チャンピオン
fulfill,満たす
dust,ほこり
dedicate,献身
roughly,だいたい
skirt,スカート
province,州
march,行進
evaluation,評価
compromise,妥協
accomplish,達成
weakness,弱さ
announcement,発表
salt,塩
glance,一目
opera,オペラ
contest,コンテスト
brush,みがきます
embarrass,恥ずかしい
gallery,ギャラリー
genetic,遺伝的
aggressive,攻撃的
chest,胸
format,フォーマット
literary,文学
govern,統治
embrace,擁する
praise,賞賛
silent,静けさ
pump,ポンプ
publisher,出版社
celebration,お祝い
golf,ゴルフ
compensation,補償
classical,クラシック
weigh,計量
versus,対
deficit,赤字
modify,変更
flash,閃光
friendship,友情
profession,職業
literally,文字通り
equation,方程式
gesture,ジェスチャー
entertain,楽しませる
fantastic,素晴らしい
assign,割当
inflation,インフレーション
historic,歴史的
injure,怪我
remote,リモート
therapy,治療
orange,オレンジ
twist,ねじれ
personnel,職員
imagination,想像力
disagree,同意しない
throat,喉
insight,洞察
tackle,タックル
forever,永遠に
exceed,超えた
expenditure,支出
joy,喜び
pregnant,妊娠中
reliable,信頼性のある
gear,装備
poet,詩人
fortune,運
ceremony,式
pile,パイル
pig,豚
mixture,混合
automatically,自動的
scholar,学者
psychological,心理的
dramatically,劇的に
stake,ステーク
creature,生き物
partnership,パートナーシップ
participation,参加
clause,句
penalty,ペナルティ
chamber,チャンバー
fancy,はで
poetry,詩
chat,チャット
clothing,衣類
evolve,進化
sake,日本酒
shelf,棚
boost,ブースト
tail,しっぽ
possession,所持
abortion,中絶
curious,奇妙な
wooden,木製
boom,ブーム
tale,物語
democratic,民主的
maintenance,メンテナンス
consequently,その結果
pot,ポット
cow,牛
strengthen,強化する
whilst,一方
constraint,制約
fold,折り畳み
bin,置き場
undergo,受ける
potentially,潜在的に
scope,範囲
pretend,演じる
diversity,多様性
allege,申し立て
pride,誇り
intense,集中
inquiry,問い合わせ
resign,辞任
craft,クラフト
strict,厳しい
concrete,コンクリート
shell,シェル
damn,くそ
distinct,明確
humor,ユーモア
limitation,制限
indication,表示
stability,安定
wise,賢い
neglect,忘れる
compose,構成します
jail,刑務所
shelter,シェルター
mere,ほんの
carbon,炭素
regulate,規制します
cheese,チーズ
trigger,引き金
pipe,パイプ
destruction,破壊
guitar,ギター
flag,国旗
piano,ピアノ
magic,マジック
mystery,神秘
ski,スキー
whisper,ささやきます
rear,後方
menu,メニュー
species,種族
moon,月
presumably,おそらく
bless,祝福
airline,航空会社
amendment,修正
grandmother,祖母
jury,陪審
cooperation,協力
civilian,民間人
composition,構成
coin,コイン
regardless,関係なく
scan,スキャン
bunch,束
racial,人種
greet,挨拶
hopefully,うまくいけば
sanction,制裁
trick,騙す
paragraph,段落
maker,メーカー
chocolate,チョコレート
stimulate,刺激
belt,ベルト
potato,じゃがいも
narrative,物語
tissue,組織
barely,かろうじて
invent,発明
tourism,観光
pro,プロ
stair,階段
hesitate,躊躇
shine,輝く
motivation,動機
romantic,ロマンチック
firmly,しっかりと
interior,インテリア
stomach,お腹
nowhere,どこにも
pray,祈る
championship,チャンピオンシップ
servant,サーバント
immigrant,移民
excess,過剰
complexity,複雑
liability,責任
surprisingly,驚くべきことに
extract,エキス
implementation,実装
bias,バイアス
differently,違う
catalog,カタログ
continuous,連続
golden,ゴールデン
stamp,スタンプ
guideline,ガイドライン
envelope,封筒
knife,ナイフ
biological,生物学的
consume,消費
luxury,贅沢
weekly,毎週
wherever,どこでも
bite,一口
printer,プリンター
firstly,最初に
anxious,気になる
adventure,冒険
fence,フェンス
exhaust,排気
attraction,アトラクション
ocean,海洋
quietly,静かに
castle,城
veteran,ベテラン
reflection,反射
nerve,神経
determination,決定
altogether,全体的に
fiction,フィクション
carpet,カーペット
cluster,集まる
confusion,錯乱
hurry,忙しい
logic,論理
controversial,物議を醸す
raw,生
grammar,文法
revise,改訂
hint,ヒント
hook,針
bell,ベル
liquid,液体
panic,パニック
uncle,おじさん
rice,ご飯
slope,スロープ
happiness,幸福
genuine,純正
vessel,容器
verb,動詞
reckon,計算
silly,馬鹿な
transportation,交通手段
harbor,港
comedy,コメディ
chase,追跡
storage,保管所
universe,宇宙
horrible,最悪
sheep,羊
lover,愛人
rat,ねずみ
portrait,肖像画
innocent,無垢
substitute,代わりの
supplement,補足
adjustment,調整
reasonably,合理的に
filter,フィルター
flexible,フレキシブル
abstract,概要
tent,テント
precise,正確
distant,遠い
stranger,知らない人
shade,シェード
grain,粒
situate,位置
summarize,要約します
leap,跳躍
snap,スナップ
probability,確率
leather,レザー
uncertainty,不確実性
swear,誓う
refugee,難民
shore,海岸
monthly,毎月
comprise,含む
stir,混ぜる
excitement,興奮
sigh,はぁ
pregnancy,妊娠
experimental,実験的
institutional,制度的
slice,スライス
wander,さまよう
empire,帝国
subsequently,その後
gentle,優しい
attendance,出席
ownership,所有
qualification,資格
suspend,サスペンド
functional,機能
voluntary,自発的
pale,青白い
stain,染色
athlete,アスリート
organic,オーガニック
tongue,舌
server,サーバ
structural,構造
fool,バカ
alongside,横に
unite,団結します
gently,優しく
compute,計算します
wipe,ワイプ
weird,変
gaze,視線
fade,フェード
cough,咳
hypothesis,仮説
royal,王立
theoretical,理論的
curtain,カーテン
mayor,市長
darkness,暗闇
aunt,叔母
tournament,トーナメント
registration,登録
fragment,断片
listener,リスナー
tender,入札
density,密度
ugly,醜い
module,モジュール
faithfully,忠実に
autumn,秋
cheek,頬
attachment,添付ファイル
holder,保有者
grin,にやにや笑います
noun,名詞
fortunate,幸運な
alright,大丈夫
lazy,怠惰
hello,こんにちは
hunger,飢え
insure,保証します
ashamed,恥ずかしかった
found,見つかった
thirst,渇き
